census_tract_2020,census_tract_2010
53001950100,53001950100.0
53001950200,53001950200.0
53001950301,53001950300.0
53001950302,53001950300.0
53001950303,53001950300.0
53001950400,53001950400.0
53001950500,53001950500.0
53003960100,53003960100.0
53003960200,53003960200.0
53003960300,53003960300.0
53003960400,53003960400.0
53003960500,53003960500.0
53003960600,53003960600.0
53005010100,53005010100.0
53005010201,53005010201.0
53005010203,53005010202.0
53005010204,53005010202.0
53005010300,53005010300.0
53005010400,53005010400.0
53005010500,53005010500.0
53005010600,53005010600.0
53005010701,53005010701.0
53005010703,53005010703.0
53005010705,53005010705.0
53005010707,53005010707.0
53005010708,53005010708.0
53005010807,53005010807.0
53005010809,53005010809.0
53005010810,53005010810.0
53005010811,53005010811.0
53005010814,53005010814.0
53005010815,53005010813.0
53005010816,53005010813.0
53005010817,53005010803.0
53005010818,53005010803.0
53005010819,53005010805.0
53005010820,53005010805.0
53005010901,53005010901.0
53005010902,53005010902.0
53005011001,53005011001.0
53005011002,53005011002.0
53005011100,53005011100.0
53005011201,53005011200.0
53005011202,53005011200.0
53005011300,53005011300.0
53005011401,53005011401.0
53005011402,53005011402.0
53005011501,53005011501.0
53005011504,53005011504.0
53005011505,53005011503.0
53005011506,53005011503.0
53005011600,53005011600.0
53005011701,53005011700.0
53005011702,53005011700.0
53005011801,53005011800.0
53005011802,53005011800.0
53005011900,53005011900.0
53005012000,53005012000.0
53007960100,53007960100.0
53007960201,53007960200.0
53007960202,53007960200.0
53007960203,53007960200.0
53007960301,53007960300.0
53007960302,53007960300.0
53007960303,53007960300.0
53007960400,53007960400.0
53007960501,53007960500.0
53007960502,53007960500.0
53007960600,53007960600.0
53007960700,53007960700.0
53007960801,53007960801.0
53007960803,53007960802.0
53007960804,53007960802.0
53007961001,53007961000.0
53007961002,53007961000.0
53007961101,53007961100.0
53007961102,53007961100.0
53007961200,53007961200.0
53007961301,53007961301.0
53007961303,53007961302.0
53007961304,53007961302.0
53009000300,53009000300.0
53009000600,53009000600.0
53009000700,53009000700.0
53009000800,53009000800.0
53009000900,53009000900.0
53009001000,53009001000.0
53009001100,53009001100.0
53009001200,53009001200.0
53009001300,53009001300.0
53009001400,53009001400.0
53009001500,53009001500.0
53009001600,53009001600.0
53009001701,53009001700.0
53009001702,53009001700.0
53009001800,53009001800.0
53009001901,53009001900.0
53009001902,53009001900.0
53009002001,53009002000.0
53009002002,53009002000.0
53009002100,53009002100.0
53009002301,53009002300.0
53009002302,53009002300.0
53009002400,53009000400.0
53009940000,53009940000.0
53009990100,53009990100.0
53011040101,53011040101.0
53011040102,53011040102.0
53011040201,53011040201.0
53011040202,53011040202.0
53011040203,53011040203.0
53011040301,53011040301.0
53011040303,53011040302.0
53011040304,53011040302.0
53011040305,53011040302.0
53011040403,53011040403.0
53011040407,53011040407.0
53011040408,53011040408.0
53011040409,53011040409.0
53011040411,53011040411.0
53011040412,53011040412.0
53011040413,53011040413.0
53011040414,53011040414.0
53011040415,53011040415.0
53011040416,53011040416.0
53011040504,53011040504.0
53011040505,53011040505.0
53011040507,53011040507.0
53011040509,53011040509.0
53011040510,53011040510.0
53011040511,53011040511.0
53011040512,53011040508.0
53011040513,53011040508.0
53011040603,53011040603.0
53011040604,53011040604.0
53011040605,53011040605.0
53011040608,53011040608.0
53011040609,53011040609.0
53011040610,53011040610.0
53011040703,53011040703.0
53011040706,53011040706.0
53011040707,53011040707.0
53011040709,53011040709.0
53011040711,53011040711.0
53011040712,53011040712.0
53011040713,53011040710.0
53011040714,53011040710.0
53011040715,53011040710.0
53011040803,53011040803.0
53011040806,53011040806.0
53011040808,53011040808.0
53011040809,53011040809.0
53011040810,53011040810.0
53011040811,53011040805.0
53011040812,53011040805.0
53011040904,53011040904.0
53011040905,53011040905.0
53011040907,53011040907.0
53011040908,53011040908.0
53011040909,53011040909.0
53011040910,53011040910.0
53011041003,53011041003.0
53011041005,53011041005.0
53011041007,53011041007.0
53011041008,53011041008.0
53011041009,53011041009.0
53011041010,53011041010.0
53011041011,53011041011.0
53011041104,53011041104.0
53011041105,53011041105.0
53011041107,53011041107.0
53011041110,53011041110.0
53011041111,53011041111.0
53011041112,53011041112.0
53011041113,53011041108.0
53011041114,53011041108.0
53011041203,53011041203.0
53011041205,53011041205.0
53011041206,53011041206.0
53011041207,53011041201.0
53011041208,53011041201.0
53011041309,53011041309.0
53011041310,53011041310.0
53011041312,53011041312.0
53011041313,53011041313.0
53011041317,53011041317.0
53011041319,53011041319.0
53011041320,53011041320.0
53011041321,53011041321.0
53011041322,53011041322.0
53011041323,53011041323.0
53011041325,53011041325.0
53011041326,53011041326.0
53011041328,53011041328.0
53011041329,53011041329.0
53011041330,53011041330.0
53011041331,53011041331.0
53011041332,53011041332.0
53011041333,53011041333.0
53011041334,53011041327.0
53011041335,53011041327.0
53011041336,53011041318.0
53011041337,53011041318.0
53011041400,53011041400.0
53011041500,53011041500.0
53011041600,53011041600.0
53011041700,53011041700.0
53011041800,53011041800.0
53011041900,53011041900.0
53011042000,53011042000.0
53011042100,53011042100.0
53011042300,53011042300.0
53011042400,53011042400.0
53011042500,53011042500.0
53011042601,53011042600.0
53011042602,53011042600.0
53011042700,53011042700.0
53011042800,53011042800.0
53011042900,53011042900.0
53011043000,53011043000.0
53011043100,53011043100.0
53013960200,53013960200.0
53015000400,53015000400.0
53015000501,53015000501.0
53015000502,53015000502.0
53015000601,53015000601.0
53015000602,53015000602.0
53015000702,53015000702.0
53015000703,53015000703.0
53015000705,53015000704.0
53015000706,53015000704.0
53015000801,53015000800.0
53015000802,53015000800.0
53015000901,53015000900.0
53015000902,53015000900.0
53015001000,53015001000.0
53015001100,53015001100.0
53015001200,53015001200.0
53015001300,53015001300.0
53015001501,53015001501.0
53015001503,53015001502.0
53015001504,53015001502.0
53015001601,53015001600.0
53015001602,53015001600.0
53015001700,53015001700.0
53015001800,53015001800.0
53015001900,53015001900.0
53015002001,53015002001.0
53015002003,53015002002.0
53015002004,53015002002.0
53015002100,53015002100.0
53015980000,53015000300.0
53017950101,53017950100.0
53017950102,53017950100.0
53017950200,53017950200.0
53017950300,53017950300.0
53017950400,53017950400.0
53017950500,53017950500.0
53017950600,53017950600.0
53017950700,53017950700.0
53017950800,53017950800.0
53019940000,53019940000.0
53019970100,53019970100.0
53019970200,53019970200.0
53021020101,53021020100.0
53021020102,53021020100.0
53021020103,53021020100.0
53021020201,53021020200.0
53021020202,53021020200.0
53021020300,53021020300.0
53021020401,53021020400.0
53021020402,53021020400.0
53021020403,53021020400.0
53021020404,53021020400.0
53021020501,53021020501.0
53021020503,53021020502.0
53021020504,53021020502.0
53021020603,53021020603.0
53021020605,53021020605.0
53021020606,53021020606.0
53021020607,53021020601.0
53021020608,53021020601.0
53021020700,53021020700.0
53021020801,53021020800.0
53021020802,53021020800.0
53021980100,53021980100.0
53023970300,53023970300.0
53025010100,53025010100.0
53025010200,53025010200.0
53025010300,53025010300.0
53025010401,53025010400.0
53025010402,53025010400.0
53025010500,53025010500.0
53025010600,53025010600.0
53025010700,53025010700.0
53025010800,53025010800.0
53025010901,53025010901.0
53025010903,53025010902.0
53025010904,53025010902.0
53025011001,53025011000.0
53025011002,53025011000.0
53025011101,53025011100.0
53025011102,53025011100.0
53025011200,53025011200.0
53025011300,53025011300.0
53025011401,53025011401.0
53025011403,53025011402.0
53025011404,53025011402.0
53025011405,53025011402.0
53025011406,53025011402.0
53027000201,53027000200.0
53027000202,53027000200.0
53027000300,53027000300.0
53027000401,53027000400.0
53027000402,53027000400.0
53027000501,53027000500.0
53027000502,53027000500.0
53027000600,53027000600.0
53027000700,53027000700.0
53027000800,53027000800.0
53027000900,53027000900.0
53027001000,53027001000.0
53027001100,53027001100.0
53027001200,53027001200.0
53027001300,53027001300.0
53027001400,53027001400.0
53027001500,53027001500.0
53027001601,53027001600.0
53027001602,53027001600.0
53027940000,53027940000.0
53027990000,53027990000.0
53029970100,53029970100.0
53029970200,53029970200.0
53029970300,53029970300.0
53029970401,53029970400.0
53029970402,53029970400.0
53029970500,53029970500.0
53029970601,53029970601.0
53029970602,53029970602.0
53029970700,53029970700.0
53029970800,53029970800.0
53029970900,53029970900.0
53029971000,53029971000.0
53029971100,53029971100.0
53029971301,53029971300.0
53029971302,53029971300.0
53029971400,53029971400.0
53029971500,53029971500.0
53029971600,53029971600.0
53029971700,53029971700.0
53029971800,53029971800.0
53029971900,53029971900.0
53029972000,53029972000.0
53029972100,53029972100.0
53029992201,53029992201.0
53031950202,53031950202.0
53031950301,53031950300.0
53031950302,53031950300.0
53031950400,53031950400.0
53031950501,53031950500.0
53031950502,53031950500.0
53031950602,53031950602.0
53031950603,53031950601.0
53031950604,53031950601.0
53031950702,53031950702.0
53031990000,53031990000.0
53033000101,53033000100.0
53033000102,53033000100.0
53033000201,53033000200.0
53033000202,53033000200.0
53033000300,53033000300.0
53033000402,53033000402.0
53033000403,53033000401.0
53033000404,53033000401.0
53033000500,53033000500.0
53033000601,53033000600.0
53033000602,53033000600.0
53033000700,53033000700.0
53033000800,53033000800.0
53033000900,53033000900.0
53033001000,53033001000.0
53033001100,53033001100.0
53033001201,53033001200.0
53033001202,53033001200.0
53033001300,53033001300.0
53033001400,53033001400.0
53033001500,53033001500.0
53033001600,53033001600.0
53033001701,53033001701.0
53033001702,53033001702.0
53033001800,53033001800.0
53033001900,53033001900.0
53033002000,53033002000.0
53033002100,53033002100.0
53033002200,53033002200.0
53033002400,53033002400.0
53033002500,53033002500.0
53033002600,53033002600.0
53033002700,53033002700.0
53033002800,53033002800.0
53033002900,53033002900.0
53033003000,53033003000.0
53033003100,53033003100.0
53033003201,53033003200.0
53033003202,53033003200.0
53033003301,53033003300.0
53033003302,53033003300.0
53033003400,53033003400.0
53033003500,53033003500.0
53033003601,53033003600.0
53033003602,53033003600.0
53033003800,53033003800.0
53033003900,53033003900.0
53033004000,53033004000.0
53033004101,53033004100.0
53033004102,53033004100.0
53033004201,53033004200.0
53033004202,53033004200.0
53033004301,53033004301.0
53033004302,53033004302.0
53033004401,53033004400.0
53033004402,53033004400.0
53033004500,53033004500.0
53033004600,53033004600.0
53033004701,53033004700.0
53033004702,53033004700.0
53033004703,53033004700.0
53033004800,53033004800.0
53033004901,53033004900.0
53033004902,53033004900.0
53033005000,53033005000.0
53033005100,53033005100.0
53033005201,53033005200.0
53033005202,53033005200.0
53033005303,53033005302.0
53033005304,53033005302.0
53033005305,53033005301.0
53033005306,53033005301.0
53033005307,53033005301.0
53033005401,53033005400.0
53033005402,53033005400.0
53033005600,53033005600.0
53033005700,53033005700.0
53033005801,53033005801.0
53033005803,53033005802.0
53033005804,53033005802.0
53033005901,53033005900.0
53033005902,53033005900.0
53033006000,53033006000.0
53033006100,53033006100.0
53033006200,53033006200.0
53033006300,53033006300.0
53033006400,53033006400.0
53033006500,53033006500.0
53033006600,53033006600.0
53033006701,53033006700.0
53033006702,53033006700.0
53033006703,53033006700.0
53033006800,53033006800.0
53033006900,53033006900.0
53033007001,53033007000.0
53033007002,53033007000.0
53033007101,53033007100.0
53033007102,53033007100.0
53033007201,53033007200.0
53033007202,53033007200.0
53033007203,53033007200.0
53033007301,53033007300.0
53033007302,53033007300.0
53033007303,53033007300.0
53033007403,53033007401.0
53033007404,53033007401.0
53033007405,53033007402.0
53033007406,53033007402.0
53033007501,53033007500.0
53033007502,53033007500.0
53033007503,53033007500.0
53033007600,53033007600.0
53033007700,53033007700.0
53033007800,53033007800.0
53033007901,53033007900.0
53033007902,53033007900.0
53033008002,53033008002.0
53033008003,53033008001.0
53033008004,53033008001.0
53033008101,53033008100.0
53033008102,53033008100.0
53033008200,53033008200.0
53033008300,53033008300.0
53033008401,53033008400.0
53033008402,53033008400.0
53033008500,53033008500.0
53033008600,53033008600.0
53033008700,53033008700.0
53033008800,53033008800.0
53033008900,53033008900.0
53033009000,53033009000.0
53033009100,53033009100.0
53033009200,53033009200.0
53033009300,53033009300.0
53033009400,53033009400.0
53033009500,53033009500.0
53033009600,53033009600.0
53033009701,53033009701.0
53033009702,53033009702.0
53033009801,53033009800.0
53033009802,53033009800.0
53033009900,53033009900.0
53033010001,53033010001.0
53033010002,53033010002.0
53033010101,53033010100.0
53033010102,53033010100.0
53033010200,53033010200.0
53033010301,53033010300.0
53033010302,53033010300.0
53033010401,53033010401.0
53033010402,53033010402.0
53033010501,53033010500.0
53033010502,53033010500.0
53033010601,53033010600.0
53033010602,53033010600.0
53033010701,53033010701.0
53033010702,53033010702.0
53033010800,53033010800.0
53033010900,53033010900.0
53033011001,53033011001.0
53033011002,53033011002.0
53033011101,53033011101.0
53033011102,53033011102.0
53033011200,53033011200.0
53033011300,53033011300.0
53033011401,53033011401.0
53033011402,53033011402.0
53033011500,53033011500.0
53033011601,53033011600.0
53033011602,53033011600.0
53033011700,53033011700.0
53033011801,53033011800.0
53033011802,53033011800.0
53033011901,53033011900.0
53033011902,53033011900.0
53033012000,53033012000.0
53033012100,53033012100.0
53033020100,53033020100.0
53033020200,53033020200.0
53033020301,53033020300.0
53033020302,53033020300.0
53033020401,53033020401.0
53033020402,53033020402.0
53033020500,53033020500.0
53033020600,53033020600.0
53033020700,53033020700.0
53033020800,53033020800.0
53033020900,53033020900.0
53033021000,53033021000.0
53033021100,53033021100.0
53033021300,53033021300.0
53033021400,53033021400.0
53033021500,53033021500.0
53033021600,53033021600.0
53033021701,53033021700.0
53033021702,53033021700.0
53033021802,53033021802.0
53033021803,53033021803.0
53033021804,53033021804.0
53033021903,53033021903.0
53033021904,53033021904.0
53033021905,53033021905.0
53033021906,53033021906.0
53033022001,53033022001.0
53033022003,53033022003.0
53033022005,53033022005.0
53033022006,53033022006.0
53033022101,53033022101.0
53033022102,53033022102.0
53033022201,53033022201.0
53033022203,53033022203.0
53033022204,53033022202.0
53033022205,53033022202.0
53033022300,53033022300.0
53033022401,53033022400.0
53033022402,53033022400.0
53033022501,53033022500.0
53033022502,53033022500.0
53033022603,53033022603.0
53033022604,53033022604.0
53033022605,53033022605.0
53033022606,53033022606.0
53033022701,53033022701.0
53033022702,53033022702.0
53033022703,53033022703.0
53033022802,53033022802.0
53033022803,53033022803.0
53033022804,53033022801.0
53033022805,53033022801.0
53033022901,53033022901.0
53033022902,53033022902.0
53033023000,53033023000.0
53033023100,53033023100.0
53033023201,53033023201.0
53033023202,53033023202.0
53033023300,53033023300.0
53033023401,53033023401.0
53033023403,53033023403.0
53033023404,53033023404.0
53033023500,53033023500.0
53033023601,53033023601.0
53033023603,53033023603.0
53033023604,53033023604.0
53033023701,53033023700.0
53033023702,53033023700.0
53033023801,53033023801.0
53033023805,53033023803.0
53033023806,53033023803.0
53033023807,53033023804.0
53033023808,53033023804.0
53033023901,53033023900.0
53033023902,53033023900.0
53033024001,53033024000.0
53033024002,53033024000.0
53033024100,53033024100.0
53033024200,53033024200.0
53033024301,53033024300.0
53033024302,53033024300.0
53033024400,53033024400.0
53033024500,53033024500.0
53033024601,53033024601.0
53033024602,53033024602.0
53033024701,53033024701.0
53033024703,53033024702.0
53033024704,53033024702.0
53033024800,53033024800.0
53033024901,53033024901.0
53033024902,53033024902.0
53033024904,53033024903.0
53033024905,53033024903.0
53033025001,53033025001.0
53033025005,53033025005.0
53033025006,53033025006.0
53033025007,53033025003.0
53033025008,53033025003.0
53033025101,53033025101.0
53033025103,53033025102.0
53033025104,53033025102.0
53033025201,53033025200.0
53033025202,53033025200.0
53033025302,53033025302.0
53033025303,53033025301.0
53033025304,53033025301.0
53033025401,53033025400.0
53033025402,53033025400.0
53033025500,53033025500.0
53033025601,53033025601.0
53033025602,53033025602.0
53033025702,53033025702.0
53033025703,53033025701.0
53033025704,53033025701.0
53033025803,53033025803.0
53033025804,53033025804.0
53033025805,53033025805.0
53033025806,53033025806.0
53033026001,53033026001.0
53033026003,53033026002.0
53033026004,53033026002.0
53033026101,53033026100.0
53033026102,53033026100.0
53033026200,53033026200.0
53033026300,53033026300.0
53033026400,53033026400.0
53033026500,53033026500.0
53033026600,53033026600.0
53033026700,53033026700.0
53033026801,53033026801.0
53033026802,53033026802.0
53033027000,53033027000.0
53033027100,53033027100.0
53033027200,53033027200.0
53033027300,53033027300.0
53033027400,53033027400.0
53033027500,53033027500.0
53033027600,53033027600.0
53033027701,53033027701.0
53033027702,53033027702.0
53033027800,53033027800.0
53033027901,53033027900.0
53033027902,53033027900.0
53033028000,53033028000.0
53033028100,53033028100.0
53033028200,53033028200.0
53033028300,53033028300.0
53033028402,53033028402.0
53033028403,53033028403.0
53033028500,53033028500.0
53033028600,53033028600.0
53033028700,53033028700.0
53033028801,53033028801.0
53033028802,53033028802.0
53033028901,53033028901.0
53033028902,53033028902.0
53033029001,53033029001.0
53033029003,53033029003.0
53033029004,53033029004.0
53033029101,53033029101.0
53033029102,53033029102.0
53033029203,53033029203.0
53033029205,53033029205.0
53033029206,53033029206.0
53033029207,53033029204.0
53033029208,53033029204.0
53033029304,53033029304.0
53033029305,53033029305.0
53033029306,53033029306.0
53033029307,53033029307.0
53033029308,53033029303.0
53033029309,53033029303.0
53033029403,53033029403.0
53033029405,53033029405.0
53033029406,53033029406.0
53033029407,53033029407.0
53033029408,53033029408.0
53033029504,53033029504.0
53033029505,53033029503.0
53033029506,53033029503.0
53033029507,53033029502.0
53033029508,53033029502.0
53033029602,53033029602.0
53033029603,53033029601.0
53033029604,53033029601.0
53033029701,53033029700.0
53033029702,53033029700.0
53033029803,53033029801.0
53033029804,53033029801.0
53033029805,53033029802.0
53033029806,53033029802.0
53033029901,53033029901.0
53033029902,53033029902.0
53033030003,53033030003.0
53033030005,53033030005.0
53033030006,53033030006.0
53033030007,53033030004.0
53033030008,53033030004.0
53033030101,53033030100.0
53033030102,53033030100.0
53033030201,53033030201.0
53033030203,53033030202.0
53033030204,53033030202.0
53033030304,53033030304.0
53033030305,53033030305.0
53033030306,53033030306.0
53033030308,53033030308.0
53033030309,53033030309.0
53033030310,53033030310.0
53033030311,53033030311.0
53033030312,53033030312.0
53033030313,53033030313.0
53033030314,53033030314.0
53033030403,53033030403.0
53033030404,53033030404.0
53033030405,53033030401.0
53033030406,53033030401.0
53033030407,53033030401.0
53033030501,53033030501.0
53033030503,53033030503.0
53033030504,53033030504.0
53033030600,53033030600.0
53033030700,53033030700.0
53033030801,53033030801.0
53033030802,53033030802.0
53033030901,53033030901.0
53033030902,53033030902.0
53033031000,53033031000.0
53033031101,53033031100.0
53033031102,53033031100.0
53033031202,53033031202.0
53033031204,53033031204.0
53033031206,53033031206.0
53033031207,53033031205.0
53033031208,53033031205.0
53033031301,53033031301.0
53033031302,53033031302.0
53033031400,53033031400.0
53033031501,53033031501.0
53033031502,53033031502.0
53033031601,53033031601.0
53033031603,53033031603.0
53033031604,53033031604.0
53033031605,53033031605.0
53033031704,53033031704.0
53033031705,53033031705.0
53033031707,53033031703.0
53033031708,53033031703.0
53033031709,53033031706.0
53033031710,53033031706.0
53033031800,53033031800.0
53033031904,53033031904.0
53033031906,53033031906.0
53033031908,53033031908.0
53033031909,53033031909.0
53033031910,53033031907.0
53033031911,53033031907.0
53033031912,53033031903.0
53033031913,53033031903.0
53033032002,53033032002.0
53033032003,53033032003.0
53033032005,53033032005.0
53033032006,53033032006.0
53033032007,53033032007.0
53033032008,53033032008.0
53033032010,53033032010.0
53033032011,53033032011.0
53033032102,53033032102.0
53033032103,53033032103.0
53033032104,53033032104.0
53033032207,53033032207.0
53033032211,53033032211.0
53033032213,53033032213.0
53033032215,53033032215.0
53033032216,53033032203.0
53033032217,53033032203.0
53033032218,53033032208.0
53033032219,53033032208.0
53033032220,53033032210.0
53033032221,53033032210.0
53033032222,53033032212.0
53033032223,53033032212.0
53033032224,53033032214.0
53033032225,53033032214.0
53033032307,53033032307.0
53033032311,53033032311.0
53033032313,53033032313.0
53033032315,53033032315.0
53033032316,53033032316.0
53033032317,53033032317.0
53033032318,53033032318.0
53033032319,53033032319.0
53033032320,53033032320.0
53033032321,53033032321.0
53033032322,53033032322.0
53033032323,53033032323.0
53033032324,53033032324.0
53033032325,53033032325.0
53033032326,53033032326.0
53033032327,53033032327.0
53033032328,53033032328.0
53033032330,53033032309.0
53033032331,53033032309.0
53033032332,53033032329.0
53033032333,53033032329.0
53033032401,53033032401.0
53033032402,53033032402.0
53033032500,53033032500.0
53033032601,53033032601.0
53033032603,53033032602.0
53033032604,53033032602.0
53033032605,53033032602.0
53033032703,53033032703.0
53033032704,53033032704.0
53033032705,53033032702.0
53033032706,53033032702.0
53033032800,53033032800.0
53033990100,53033990100.0
53035080101,53035080101.0
53035080102,53035080102.0
53035080200,53035080200.0
53035080300,53035080300.0
53035080400,53035080400.0
53035080500,53035080500.0
53035080600,53035080600.0
53035080700,53035080700.0
53035080800,53035080800.0
53035080900,53035080900.0
53035081000,53035081000.0
53035081100,53035081100.0
53035081200,53035081200.0
53035081400,53035081400.0
53035090101,53035090101.0
53035090102,53035090102.0
53035090201,53035090201.0
53035090202,53035090202.0
53035090300,53035090300.0
53035090400,53035090400.0
53035090501,53035090501.0
53035090502,53035090502.0
53035090700,53035090700.0
53035090800,53035090800.0
53035090901,53035090900.0
53035090902,53035090900.0
53035091001,53035091000.0
53035091002,53035091000.0
53035091100,53035091100.0
53035091201,53035091201.0
53035091204,53035091204.0
53035091205,53035091203.0
53035091206,53035091203.0
53035091301,53035091301.0
53035091302,53035091302.0
53035091400,53035091400.0
53035091500,53035091500.0
53035091600,53035091600.0
53035091701,53035091700.0
53035091702,53035091700.0
53035091800,53035091800.0
53035091900,53035091900.0
53035092000,53035092000.0
53035092101,53035092100.0
53035092102,53035092100.0
53035092200,53035092200.0
53035092300,53035092300.0
53035092400,53035092400.0
53035092500,53035092500.0
53035092600,53035092600.0
53035092701,53035092701.0
53035092704,53035092704.0
53035092801,53035092801.0
53035092802,53035092802.0
53035092803,53035092803.0
53035092901,53035092901.0
53035092902,53035092902.0
53035940000,53035940000.0
53035940100,53035940100.0
53035990100,53035990100.0
53037975101,53037975100.0
53037975102,53037975100.0
53037975103,53037975100.0
53037975104,53037975100.0
53037975201,53037975200.0
53037975202,53037975200.0
53037975203,53037975200.0
53037975300,53037975300.0
53037975402,53037975402.0
53037975403,53037975401.0
53037975404,53037975401.0
53037975500,53037975500.0
53037975600,53037975600.0
53037975700,53037975700.0
53039950101,53039950100.0
53039950102,53039950100.0
53039950103,53039950100.0
53039950200,53039950200.0
53039950301,53039950300.0
53039950302,53039950300.0
53041970100,53041970100.0
53041970200,53041970200.0
53041970300,53041970300.0
53041970400,53041970400.0
53041970500,53041970500.0
53041970600,53041970600.0
53041970700,53041970700.0
53041970800,53041970800.0
53041970900,53041970900.0
53041971000,53041971000.0
53041971100,53041971100.0
53041971200,53041971200.0
53041971300,53041971300.0
53041971400,53041971400.0
53041971501,53041971500.0
53041971502,53041971500.0
53041971600,53041971600.0
53041971700,53041971700.0
53041971800,53041971800.0
53041971900,53041971900.0
53041972000,53041972000.0
53043960100,53043960100.0
53043960200,53043960200.0
53043960300,53043960300.0
53043960400,53043960400.0
53045940000,53045940000.0
53045960100,53045960100.0
53045960201,53045960200.0
53045960202,53045960200.0
53045960301,53045960300.0
53045960302,53045960300.0
53045960401,53045960400.0
53045960402,53045960400.0
53045960403,53045960400.0
53045960500,53045960500.0
53045960600,53045960600.0
53045960700,53045960700.0
53045960800,53045960800.0
53045960900,53045960900.0
53045961000,53045961000.0
53045961101,53045961100.0
53045961102,53045961100.0
53045961200,53045961200.0
53045961300,53045961300.0
53047940100,53047940100.0
53047940200,53047940200.0
53047970301,53047970300.0
53047970302,53047970300.0
53047970303,53047970300.0
53047970400,53047970400.0
53047970500,53047970500.0
53047970601,53047970600.0
53047970602,53047970600.0
53047970700,53047970700.0
53047970800,53047970800.0
53047970900,53047970900.0
53047971000,53047971000.0
53049950200,53049950200.0
53049950301,53049950300.0
53049950302,53049950300.0
53049950400,53049950400.0
53049950501,53049950500.0
53049950502,53049950500.0
53049950600,53049950600.0
53049950701,53049950700.0
53049950702,53049950700.0
53049950801,53049950800.0
53049950802,53049950800.0
53049990100,53049990100.0
53051970100,53051970100.0
53051970200,53051970200.0
53051970300,53051970300.0
53051970400,53051970400.0
53051970500,53051970500.0
53053060200,53053060200.0
53053060300,53053060300.0
53053060400,53053060400.0
53053060500,53053060500.0
53053060600,53053060600.0
53053060700,53053060700.0
53053060800,53053060800.0
53053060903,53053060903.0
53053060904,53053060904.0
53053060906,53053060906.0
53053060907,53053060905.0
53053060908,53053060905.0
53053061001,53053061001.0
53053061002,53053061002.0
53053061100,53053061100.0
53053061200,53053061200.0
53053061300,53053061300.0
53053061400,53053061400.0
53053061501,53053061500.0
53053061502,53053061500.0
53053061601,53053061601.0
53053061602,53053061602.0
53053061700,53053061700.0
53053061800,53053061800.0
53053061900,53053061900.0
53053062000,53053062000.0
53053062300,53053062300.0
53053062400,53053062400.0
53053062501,53053062500.0
53053062502,53053062500.0
53053062600,53053062600.0
53053062801,53053062801.0
53053062802,53053062802.0
53053062901,53053062900.0
53053062902,53053062900.0
53053063000,53053063000.0
53053063100,53053063100.0
53053063200,53053063200.0
53053063301,53053063300.0
53053063302,53053063300.0
53053063401,53053063400.0
53053063402,53053063400.0
53053063501,53053063501.0
53053063502,53053063502.0
53053070100,53053070100.0
53053070204,53053070204.0
53053070205,53053070205.0
53053070206,53053070206.0
53053070207,53053070207.0
53053070208,53053070203.0
53053070209,53053070203.0
53053070307,53053070307.0
53053070308,53053070308.0
53053070309,53053070309.0
53053070310,53053070310.0
53053070311,53053070311.0
53053070312,53053070312.0
53053070313,53053070313.0
53053070314,53053070314.0
53053070315,53053070315.0
53053070316,53053070316.0
53053070401,53053070401.0
53053070403,53053070403.0
53053070404,53053070404.0
53053070703,53053070703.0
53053071100,53053071100.0
53053071205,53053071205.0
53053071206,53053071206.0
53053071207,53053071207.0
53053071209,53053071209.0
53053071210,53053071210.0
53053071211,53053071208.0
53053071212,53053071208.0
53053071304,53053071304.0
53053071305,53053071305.0
53053071306,53053071306.0
53053071307,53053071307.0
53053071309,53053071309.0
53053071310,53053071310.0
53053071403,53053071403.0
53053071408,53053071408.0
53053071409,53053071409.0
53053071411,53053071411.0
53053071412,53053071406.0
53053071413,53053071406.0
53053071414,53053071407.0
53053071415,53053071407.0
53053071416,53053071410.0
53053071417,53053071410.0
53053071503,53053071503.0
53053071504,53053071504.0
53053071505,53053071505.0
53053071506,53053071506.0
53053071601,53053071601.0
53053071603,53053071602.0
53053071604,53053071602.0
53053071703,53053071703.0
53053071704,53053071704.0
53053071705,53053071705.0
53053071706,53053071706.0
53053071707,53053071707.0
53053071803,53053071803.0
53053071805,53053071805.0
53053071806,53053071806.0
53053071807,53053071807.0
53053071808,53053071808.0
53053071901,53053071901.0
53053071902,53053071902.0
53053072000,53053072000.0
53053072105,53053072105.0
53053072106,53053072106.0
53053072107,53053072107.0
53053072108,53053072108.0
53053072109,53053072109.0
53053072111,53053072111.0
53053072112,53053072112.0
53053072305,53053072305.0
53053072307,53053072307.0
53053072309,53053072309.0
53053072310,53053072310.0
53053072311,53053072311.0
53053072312,53053072312.0
53053072313,53053072313.0
53053072314,53053072308.0
53053072315,53053072308.0
53053072405,53053072405.0
53053072406,53053072406.0
53053072407,53053072407.0
53053072408,53053072408.0
53053072409,53053072409.0
53053072410,53053072410.0
53053072503,53053072503.0
53053072504,53053072504.0
53053072506,53053072506.0
53053072507,53053072507.0
53053072508,53053072505.0
53053072509,53053072505.0
53053072601,53053072601.0
53053072602,53053072602.0
53053072603,53053072603.0
53053072801,53053072800.0
53053072802,53053072800.0
53053072901,53053072901.0
53053072903,53053072903.0
53053072907,53053072907.0
53053072908,53053072905.0
53053072909,53053072906.0
53053073001,53053073001.0
53053073005,53053073005.0
53053073006,53053073006.0
53053073110,53053073110.0
53053073111,53053073111.0
53053073114,53053073114.0
53053073115,53053073115.0
53053073116,53053073116.0
53053073117,53053073117.0
53053073118,53053073118.0
53053073119,53053073119.0
53053073120,53053073120.0
53053073121,53053073121.0
53053073122,53053073122.0
53053073123,53053073123.0
53053073124,53053073124.0
53053073126,53053073126.0
53053073127,53053073108.0
53053073128,53053073108.0
53053073129,53053073113.0
53053073130,53053073113.0
53053073131,53053073125.0
53053073132,53053073125.0
53053073133,53053073125.0
53053073200,53053073200.0
53053073301,53053073301.0
53053073302,53053073302.0
53053073404,53053073404.0
53053073405,53053073405.0
53053073406,53053073406.0
53053073407,53053073407.0
53053073408,53053073408.0
53053073501,53053073500.0
53053073502,53053073500.0
53053940001,53053940001.0
53053940002,53053940002.0
53053940004,53053940004.0
53053940005,53053940005.0
53053940006,53053940006.0
53053940007,53053940007.0
53053940008,53053940008.0
53053940009,53053940009.0
53053940010,53053940010.0
53053940011,53053940011.0
53053940012,53053940003.0
53053940013,53053940003.0
53055960101,53055960100.0
53055960102,53055960100.0
53055960103,53055960100.0
53055960301,53055960300.0
53055960302,53055960300.0
53055960400,53055960400.0
53055960501,53055960500.0
53055960502,53055960500.0
53055990100,53055990100.0
53057940201,53057940200.0
53057940301,53057940300.0
53057940302,53057940300.0
53057940401,53057940400.0
53057940402,53057940400.0
53057940403,53057940400.0
53057940500,53057940500.0
53057940600,53057940600.0
53057940700,53057940700.0
53057940801,53057940800.0
53057940802,53057940800.0
53057950100,53057950100.0
53057950801,53057950800.0
53057950802,53057950800.0
53057950803,53057950800.0
53057950900,53057950900.0
53057951000,53057951000.0
53057951101,53057951100.0
53057951102,53057951100.0
53057951200,53057951200.0
53057951300,53057951300.0
53057951400,53057951400.0
53057951501,53057951500.0
53057951502,53057951500.0
53057951503,53057951500.0
53057951600,53057951600.0
53057951700,53057951700.0
53057951800,53057951800.0
53057951900,53057951900.0
53057952100,53057952100.0
53057952200,53057952200.0
53057952301,53057952301.0
53057952303,53057952302.0
53057952304,53057952302.0
53057952401,53057952401.0
53057952403,53057952402.0
53057952404,53057952402.0
53057952405,53057952402.0
53057952500,53057952500.0
53057952600,53057952600.0
53057952700,53057952700.0
53057990100,53057990100.0
53059950100,53059950100.0
53059950200,53059950200.0
53059950300,53059950300.0
53059950400,53059950400.0
53059950500,53059950500.0
53061040100,53061040100.0
53061040200,53061040200.0
53061040300,53061040300.0
53061040400,53061040400.0
53061040500,53061040500.0
53061040700,53061040700.0
53061040800,53061040800.0
53061040900,53061040900.0
53061041000,53061041000.0
53061041100,53061041100.0
53061041201,53061041201.0
53061041202,53061041202.0
53061041301,53061041301.0
53061041303,53061041303.0
53061041304,53061041304.0
53061041400,53061041400.0
53061041500,53061041500.0
53061041601,53061041601.0
53061041605,53061041605.0
53061041606,53061041606.0
53061041607,53061041607.0
53061041609,53061041608.0
53061041610,53061041608.0
53061041701,53061041701.0
53061041703,53061041703.0
53061041704,53061041704.0
53061041805,53061041805.0
53061041808,53061041808.0
53061041809,53061041809.0
53061041810,53061041810.0
53061041812,53061041812.0
53061041813,53061041806.0
53061041814,53061041806.0
53061041815,53061041811.0
53061041816,53061041811.0
53061041901,53061041901.0
53061041904,53061041904.0
53061041905,53061041905.0
53061041906,53061041903.0
53061041907,53061041903.0
53061042001,53061042001.0
53061042003,53061042003.0
53061042004,53061042004.0
53061042005,53061042005.0
53061042006,53061042006.0
53061050101,53061050101.0
53061050102,53061050102.0
53061050200,53061050200.0
53061050300,53061050300.0
53061050402,53061050402.0
53061050403,53061050401.0
53061050404,53061050401.0
53061050501,53061050500.0
53061050502,53061050500.0
53061050600,53061050600.0
53061050700,53061050700.0
53061050800,53061050800.0
53061050900,53061050900.0
53061051000,53061051000.0
53061051100,53061051100.0
53061051200,53061051200.0
53061051301,53061051300.0
53061051302,53061051300.0
53061051401,53061051400.0
53061051402,53061051400.0
53061051500,53061051500.0
53061051601,53061051601.0
53061051602,53061051602.0
53061051701,53061051701.0
53061051702,53061051702.0
53061051802,53061051802.0
53061051803,53061051803.0
53061051804,53061051804.0
53061051912,53061051912.0
53061051913,53061051913.0
53061051914,53061051914.0
53061051916,53061051916.0
53061051917,53061051917.0
53061051918,53061051918.0
53061051921,53061051921.0
53061051922,53061051922.0
53061051926,53061051926.0
53061051927,53061051927.0
53061051928,53061051928.0
53061051929,53061051905.0
53061051930,53061051905.0
53061051931,53061051915.0
53061051932,53061051915.0
53061051933,53061051923.0
53061051934,53061051923.0
53061051935,53061051924.0
53061051936,53061051924.0
53061051937,53061051925.0
53061051938,53061051925.0
53061052004,53061052004.0
53061052005,53061052005.0
53061052006,53061052006.0
53061052007,53061052007.0
53061052008,53061052003.0
53061052009,53061052003.0
53061052010,53061052003.0
53061052104,53061052104.0
53061052105,53061052105.0
53061052107,53061052107.0
53061052108,53061052108.0
53061052112,53061052112.0
53061052113,53061052113.0
53061052114,53061052114.0
53061052119,53061052115.0
53061052120,53061052115.0
53061052121,53061052118.0
53061052122,53061052118.0
53061052203,53061052203.0
53061052204,53061052204.0
53061052206,53061052206.0
53061052207,53061052207.0
53061052208,53061052208.0
53061052210,53061052209.0
53061052211,53061052209.0
53061052301,53061052301.0
53061052302,53061052302.0
53061052401,53061052401.0
53061052402,53061052402.0
53061052502,53061052502.0
53061052504,53061052504.0
53061052505,53061052503.0
53061052506,53061052503.0
53061052603,53061052603.0
53061052604,53061052604.0
53061052605,53061052605.0
53061052606,53061052606.0
53061052607,53061052607.0
53061052701,53061052701.0
53061052706,53061052706.0
53061052707,53061052707.0
53061052708,53061052708.0
53061052709,53061052709.0
53061052710,53061052705.0
53061052711,53061052705.0
53061052803,53061052803.0
53061052805,53061052805.0
53061052807,53061052804.0
53061052808,53061052804.0
53061052809,53061052806.0
53061052810,53061052806.0
53061052903,53061052903.0
53061052904,53061052904.0
53061052905,53061052905.0
53061052906,53061052906.0
53061053101,53061053101.0
53061053102,53061053102.0
53061053201,53061053201.0
53061053202,53061053202.0
53061053301,53061053301.0
53061053302,53061053302.0
53061053400,53061053400.0
53061053505,53061053505.0
53061053506,53061053506.0
53061053507,53061053507.0
53061053508,53061053508.0
53061053509,53061053509.0
53061053510,53061053504.0
53061053511,53061053504.0
53061053603,53061053603.0
53061053604,53061053604.0
53061053605,53061053602.0
53061053606,53061053602.0
53061053700,53061053700.0
53061053801,53061053801.0
53061053802,53061053802.0
53061053803,53061053803.0
53061940001,53061940001.0
53061940002,53061940002.0
53061990002,53061990002.0
53061990100,53061990100.0
53063000201,53063000200.0
53063000202,53063000200.0
53063000301,53063000300.0
53063000302,53063000300.0
53063000400,53063000400.0
53063000500,53063000500.0
53063000600,53063000600.0
53063000700,53063000700.0
53063000800,53063000800.0
53063000900,53063000900.0
53063001000,53063001000.0
53063001100,53063001100.0
53063001200,53063001200.0
53063001300,53063001300.0
53063001400,53063001400.0
53063001500,53063001500.0
53063001600,53063001600.0
53063001800,53063001800.0
53063001900,53063001900.0
53063002000,53063002000.0
53063002100,53063002100.0
53063002300,53063002300.0
53063002400,53063002400.0
53063002501,53063002500.0
53063002502,53063002500.0
53063002503,53063002500.0
53063002600,53063002600.0
53063002900,53063002900.0
53063003000,53063003000.0
53063003100,53063003100.0
53063003200,53063003200.0
53063003500,53063003500.0
53063003601,53063003600.0
53063003602,53063003600.0
53063003800,53063003800.0
53063003900,53063003900.0
53063004001,53063004000.0
53063004002,53063004000.0
53063004100,53063004100.0
53063004200,53063004200.0
53063004300,53063004300.0
53063004400,53063004400.0
53063004500,53063004500.0
53063004601,53063004601.0
53063004602,53063004602.0
53063004701,53063004700.0
53063004702,53063004700.0
53063004800,53063004800.0
53063004900,53063004900.0
53063005000,53063005000.0
53063010101,53063010100.0
53063010102,53063010100.0
53063010201,53063010201.0
53063010203,53063010202.0
53063010204,53063010202.0
53063010301,53063010301.0
53063010303,53063010303.0
53063010304,53063010304.0
53063010305,53063010305.0
53063010401,53063010401.0
53063010403,53063010402.0
53063010404,53063010402.0
53063010504,53063010504.0
53063010505,53063010501.0
53063010506,53063010501.0
53063010507,53063010503.0
53063010508,53063010503.0
53063010601,53063010601.0
53063010603,53063010602.0
53063010604,53063010602.0
53063010701,53063010700.0
53063010702,53063010700.0
53063010800,53063010800.0
53063010901,53063010900.0
53063010902,53063010900.0
53063011000,53063011000.0
53063011102,53063011102.0
53063011103,53063011101.0
53063011104,53063011101.0
53063011202,53063011202.0
53063011203,53063011201.0
53063011204,53063011201.0
53063011301,53063011300.0
53063011302,53063011300.0
53063011400,53063011400.0
53063011500,53063011500.0
53063011600,53063011600.0
53063011701,53063011701.0
53063011702,53063011702.0
53063011800,53063011800.0
53063011900,53063011900.0
53063012000,53063012000.0
53063012100,53063012100.0
53063012200,53063012200.0
53063012300,53063012300.0
53063012401,53063012401.0
53063012402,53063012402.0
53063012500,53063012500.0
53063012600,53063012600.0
53063012701,53063012701.0
53063012702,53063012702.0
53063012801,53063012801.0
53063012802,53063012802.0
53063012901,53063012901.0
53063012902,53063012902.0
53063013001,53063013000.0
53063013002,53063013000.0
53063013003,53063013000.0
53063013101,53063013100.0
53063013102,53063013100.0
53063013201,53063013201.0
53063013203,53063013202.0
53063013204,53063013202.0
53063013205,53063013202.0
53063013300,53063013300.0
53063013401,53063013401.0
53063013501,53063013500.0
53063013502,53063013500.0
53063013503,53063013500.0
53063013600,53063013600.0
53063013700,53063013700.0
53063013800,53063013800.0
53063013900,53063013900.0
53063014001,53063014001.0
53063014002,53063014002.0
53063014100,53063014100.0
53063014200,53063014200.0
53063014300,53063014300.0
53063014400,53063014400.0
53063014500,53063014500.0
53065941000,53065941000.0
53065950101,53065950100.0
53065950102,53065950100.0
53065950200,53065950200.0
53065950300,53065950300.0
53065950500,53065950500.0
53065950600,53065950600.0
53065950700,53065950700.0
53065950800,53065950800.0
53065950900,53065950900.0
53065951100,53065951100.0
53065951301,53065951300.0
53065951302,53065951300.0
53065951401,53065951400.0
53065951402,53065951400.0
53067010100,53067010100.0
53067010200,53067010200.0
53067010300,53067010300.0
53067010400,53067010400.0
53067010510,53067010510.0
53067010520,53067010520.0
53067010600,53067010600.0
53067010700,53067010700.0
53067010801,53067010800.0
53067010802,53067010800.0
53067010910,53067010910.0
53067010920,53067010920.0
53067011000,53067011000.0
53067011100,53067011100.0
53067011200,53067011200.0
53067011300,53067011300.0
53067011410,53067011410.0
53067011421,53067011420.0
53067011422,53067011420.0
53067011500,53067011500.0
53067011622,53067011622.0
53067011623,53067011623.0
53067011624,53067011624.0
53067011625,53067011621.0
53067011626,53067011621.0
53067011627,53067011610.0
53067011628,53067011610.0
53067011720,53067011720.0
53067011721,53067011710.0
53067011722,53067011710.0
53067011810,53067011810.0
53067011821,53067011821.0
53067011822,53067011822.0
53067011901,53067011900.0
53067011902,53067011900.0
53067012001,53067012000.0
53067012002,53067012000.0
53067012100,53067012100.0
53067012211,53067012211.0
53067012221,53067012221.0
53067012223,53067012212.0
53067012224,53067012212.0
53067012225,53067012222.0
53067012226,53067012222.0
53067012320,53067012320.0
53067012330,53067012330.0
53067012331,53067012310.0
53067012332,53067012310.0
53067012412,53067012412.0
53067012420,53067012420.0
53067012421,53067012411.0
53067012422,53067012411.0
53067012510,53067012510.0
53067012530,53067012530.0
53067012531,53067012520.0
53067012532,53067012520.0
53067012610,53067012610.0
53067012620,53067012620.0
53067012710,53067012710.0
53067012720,53067012720.0
53067012730,53067012730.0
53067990100,53067990100.0
53069950100,53069950100.0
53071920000,53071920000.0
53071920100,53071920100.0
53071920200,53071920200.0
53071920301,53071920300.0
53071920302,53071920300.0
53071920400,53071920400.0
53071920500,53071920500.0
53071920600,53071920600.0
53071920701,53071920701.0
53071920702,53071920702.0
53071920801,53071920801.0
53071920802,53071920802.0
53071920901,53071920900.0
53071920902,53071920900.0
53073000101,53073000100.0
53073000102,53073000100.0
53073000201,53073000200.0
53073000202,53073000200.0
53073000203,53073000200.0
53073000301,53073000300.0
53073000302,53073000300.0
53073000401,53073000400.0
53073000402,53073000400.0
53073000501,53073000501.0
53073000502,53073000502.0
53073000600,53073000600.0
53073000700,53073000700.0
53073000803,53073000803.0
53073000804,53073000804.0
53073000805,53073000805.0
53073000807,53073000806.0
53073000808,53073000806.0
53073000809,53073000806.0
53073000902,53073000902.0
53073000903,53073000901.0
53073000904,53073000901.0
53073001000,53073001000.0
53073001101,53073001100.0
53073001102,53073001100.0
53073001202,53073001202.0
53073001203,53073001201.0
53073001204,53073001201.0
53073010101,53073010100.0
53073010102,53073010100.0
53073010103,53073010100.0
53073010201,53073010200.0
53073010202,53073010200.0
53073010301,53073010301.0
53073010302,53073010302.0
53073010303,53073010303.0
53073010405,53073010403.0
53073010406,53073010403.0
53073010407,53073010404.0
53073010408,53073010401.0
53073010409,53073010401.0
53073010410,53073010401.0
53073010411,53073010404.0
53073010503,53073010501.0
53073010504,53073010501.0
53073010505,53073010502.0
53073010506,53073010502.0
53073010600,53073010600.0
53073010701,53073010701.0
53073010702,53073010702.0
53073010900,53073010900.0
53073011000,53073011000.0
53073940001,53073940000.0
53073940002,53073940000.0
53075000100,53075000100.0
53075000201,53075000200.0
53075000202,53075000200.0
53075000300,53075000300.0
53075000400,53075000400.0
53075000500,53075000500.0
53075000601,53075000600.0
53075000602,53075000600.0
53075000700,53075000700.0
53075000800,53075000800.0
53075000900,53075000900.0
53075001000,53075001000.0
53077000100,53077000100.0
53077000200,53077000200.0
53077000301,53077000300.0
53077000302,53077000300.0
53077000401,53077000400.0
53077000402,53077000400.0
53077000500,53077000500.0
53077000600,53077000600.0
53077000700,53077000700.0
53077000800,53077000800.0
53077000902,53077000902.0
53077000903,53077000901.0
53077000904,53077000901.0
53077001000,53077001000.0
53077001100,53077001100.0
53077001201,53077001201.0
53077001202,53077001202.0
53077001300,53077001300.0
53077001400,53077001400.0
53077001502,53077001502.0
53077001503,53077001501.0
53077001504,53077001501.0
53077001601,53077001601.0
53077001602,53077001602.0
53077001701,53077001701.0
53077001702,53077001702.0
53077001801,53077001800.0
53077001802,53077001800.0
53077001901,53077001901.0
53077001902,53077001902.0
53077002003,53077002001.0
53077002004,53077002001.0
53077002005,53077002002.0
53077002006,53077002002.0
53077002101,53077002101.0
53077002103,53077002102.0
53077002104,53077002102.0
53077002201,53077002200.0
53077002202,53077002200.0
53077002701,53077002701.0
53077002801,53077002801.0
53077002803,53077002802.0
53077002804,53077002802.0
53077002900,53077002900.0
53077003002,53077003002.0
53077003003,53077003001.0
53077003004,53077003001.0
53077003100,53077003100.0
53077003200,53077003200.0
53077003400,53077003400.0
53077940001,53077940001.0
53077940002,53077940002.0
53077940003,53077940003.0
53077940005,53077940005.0
53077940006,53077940006.0
53077940007,53077940004.0
53077940008,53077940004.0
