census_tract,zip_code
53001950100,99169.0
53001950200,99371.0
53001950300,99344.0
53001950400,99344.0
53001950500,99344.0
53003960100,99402.0
53003960200,99403.0
53003960300,99403.0
53003960400,99403.0
53003960500,99403.0
53003960600,99403.0
53005010100,99354.0
53005010201,99354.0
53005010202,99354.0
53005010300,99352.0
53005010400,99354.0
53005010500,99354.0
53005010600,99352.0
53005010701,99320.0
53005010703,99353.0
53005010705,99353.0
53005010707,99353.0
53005010708,99353.0
53005010803,99352.0
53005010805,99352.0
53005010807,99320.0
53005010809,99336.0
53005010810,99352.0
53005010811,99352.0
53005010813,99338.0
53005010814,99338.0
53005010901,99336.0
53005010902,99336.0
53005011001,99336.0
53005011002,99336.0
53005011100,99337.0
53005011200,99336.0
53005011300,99336.0
53005011401,99337.0
53005011402,99337.0
53005011501,99337.0
53005011503,99337.0
53005011504,99337.0
53005011600,99350.0
53005011700,99350.0
53005011800,99350.0
53005011900,99320.0
53005012000,99320.0
53007960100,98822.0
53007960200,98826.0
53007960300,98816.0
53007960400,98831.0
53007960500,98815.0
53007960600,98815.0
53007960700,98801.0
53007960801,98801.0
53007960802,98801.0
53007961000,98801.0
53007961100,98801.0
53007961200,98828.0
53007961301,98801.0
53007961302,98801.0
53009000200,98381.0
53009000300,98331.0
53009000400,98331.0
53009000600,98363.0
53009000700,98363.0
53009000800,98363.0
53009000900,98362.0
53009001000,98362.0
53009001100,98362.0
53009001200,98362.0
53009001300,98362.0
53009001400,98362.0
53009001500,98363.0
53009001600,98362.0
53009001700,98382.0
53009001800,98382.0
53009001900,98382.0
53009002000,98382.0
53009002100,98382.0
53009002300,98382.0
53009940000,98381.0
53011040101,98601.0
53011040102,98675.0
53011040201,98629.0
53011040202,98629.0
53011040203,98629.0
53011040301,98642.0
53011040302,98642.0
53011040403,98642.0
53011040407,98604.0
53011040408,98604.0
53011040409,98642.0
53011040411,98686.0
53011040412,98642.0
53011040413,98604.0
53011040414,98604.0
53011040415,98604.0
53011040416,98604.0
53011040504,98604.0
53011040505,98606.0
53011040507,98671.0
53011040508,98671.0
53011040509,98671.0
53011040510,98671.0
53011040511,98607.0
53011040603,98607.0
53011040604,98682.0
53011040605,98607.0
53011040608,98607.0
53011040609,98607.0
53011040610,98607.0
53011040703,98662.0
53011040706,98682.0
53011040707,98682.0
53011040709,98662.0
53011040710,98682.0
53011040711,98682.0
53011040712,98682.0
53011040803,98686.0
53011040805,98686.0
53011040806,98662.0
53011040808,98665.0
53011040809,98665.0
53011040810,98665.0
53011040904,98685.0
53011040905,98642.0
53011040907,98685.0
53011040908,98685.0
53011040909,98685.0
53011040910,98685.0
53011041003,98663.0
53011041005,98660.0
53011041007,98665.0
53011041008,98665.0
53011041009,98665.0
53011041010,98665.0
53011041011,98663.0
53011041104,98662.0
53011041105,98661.0
53011041107,98662.0
53011041108,98662.0
53011041110,98661.0
53011041111,98661.0
53011041112,98661.0
53011041201,98664.0
53011041203,98662.0
53011041205,98664.0
53011041206,98664.0
53011041309,98683.0
53011041310,98683.0
53011041312,98682.0
53011041313,98682.0
53011041317,98684.0
53011041318,98684.0
53011041319,98684.0
53011041320,98684.0
53011041321,98684.0
53011041322,98683.0
53011041323,98683.0
53011041325,98683.0
53011041326,98682.0
53011041327,98682.0
53011041328,98683.0
53011041329,98683.0
53011041330,98682.0
53011041331,98682.0
53011041332,98682.0
53011041333,98682.0
53011041400,98607.0
53011041500,98607.0
53011041600,98661.0
53011041700,98661.0
53011041800,98663.0
53011041900,98663.0
53011042000,98660.0
53011042100,98660.0
53011042300,98660.0
53011042400,98660.0
53011042500,98663.0
53011042600,98661.0
53011042700,98661.0
53011042800,98661.0
53011042900,98661.0
53011043000,98664.0
53011043100,98664.0
53013960200,99328.0
53015000300,98632.0
53015000400,98632.0
53015000501,98632.0
53015000502,98632.0
53015000601,98632.0
53015000602,98632.0
53015000702,98632.0
53015000703,98632.0
53015000704,98632.0
53015000800,98632.0
53015000900,98626.0
53015001000,98626.0
53015001100,98626.0
53015001200,98626.0
53015001300,98626.0
53015001501,98674.0
53015001502,98674.0
53015001600,98625.0
53015001700,98626.0
53015001800,98649.0
53015001900,98632.0
53015002001,98611.0
53015002002,98611.0
53015002100,98632.0
53017950100,98843.0
53017950200,98802.0
53017950300,98802.0
53017950400,98802.0
53017950500,98802.0
53017950600,98802.0
53017950700,98802.0
53017950800,98802.0
53019940000,99138.0
53019970100,99141.0
53019970200,99166.0
53021020100,99301.0
53021020200,99301.0
53021020300,99301.0
53021020400,99301.0
53021020501,99301.0
53021020502,99301.0
53021020601,99301.0
53021020603,99301.0
53021020605,99301.0
53021020606,99301.0
53021020700,99301.0
53021020800,99343.0
53021980100,99301.0
53023970300,99347.0
53025010100,99133.0
53025010200,98837.0
53025010300,98851.0
53025010400,98823.0
53025010500,98848.0
53025010600,98848.0
53025010700,98848.0
53025010800,98837.0
53025010901,98837.0
53025010902,98837.0
53025011000,98837.0
53025011100,98837.0
53025011200,98837.0
53025011300,98857.0
53025011401,99344.0
53025011402,99349.0
53027000200,98569.0
53027000300,98550.0
53027000400,98563.0
53027000500,98541.0
53027000600,98557.0
53027000700,98568.0
53027000800,98520.0
53027000900,98520.0
53027001000,98520.0
53027001100,98520.0
53027001200,98520.0
53027001300,98550.0
53027001400,98550.0
53027001500,98550.0
53027001600,98595.0
53027940000,98526.0
53029970100,98277.0
53029970200,98277.0
53029970300,98277.0
53029970400,98277.0
53029970500,98277.0
53029970601,98277.0
53029970602,98277.0
53029970700,98277.0
53029970800,98277.0
53029970900,98277.0
53029971000,98239.0
53029971100,98239.0
53029971300,98253.0
53029971400,98282.0
53029971500,98282.0
53029971600,98282.0
53029971700,98282.0
53029971800,98249.0
53029971900,98249.0
53029972000,98260.0
53029972100,98236.0
53031950202,98376.0
53031950300,98365.0
53031950400,98339.0
53031950500,98368.0
53031950601,98368.0
53031950602,98368.0
53031950702,98320.0
53033000100,98125.0
53033000200,98125.0
53033000300,98133.0
53033000401,98133.0
53033000402,98133.0
53033000500,98177.0
53033000600,98133.0
53033000700,98125.0
53033000800,98125.0
53033000900,98125.0
53033001000,98125.0
53033001100,98125.0
53033001200,98125.0
53033001300,98133.0
53033001400,98177.0
53033001500,98117.0
53033001600,98117.0
53033001701,98103.0
53033001702,98117.0
53033001800,98103.0
53033001900,98115.0
53033002000,98115.0
53033002100,98115.0
53033002200,98115.0
53033002400,98115.0
53033002500,98115.0
53033002600,98115.0
53033002700,98103.0
53033002800,98103.0
53033002900,98117.0
53033003000,98117.0
53033003100,98117.0
53033003200,98107.0
53033003300,98107.0
53033003400,98107.0
53033003500,98103.0
53033003600,98115.0
53033003800,98115.0
53033003900,98115.0
53033004000,98115.0
53033004100,98105.0
53033004200,98105.0
53033004301,98105.0
53033004302,98105.0
53033004400,98105.0
53033004500,98105.0
53033004600,98103.0
53033004700,98107.0
53033004800,98107.0
53033004900,98103.0
53033005000,98103.0
53033005100,98103.0
53033005200,98105.0
53033005301,98105.0
53033005302,98105.0
53033005400,98103.0
53033005600,98199.0
53033005700,98199.0
53033005801,98199.0
53033005802,98199.0
53033005900,98119.0
53033006000,98109.0
53033006100,98102.0
53033006200,98112.0
53033006300,98112.0
53033006400,98112.0
53033006500,98102.0
53033006600,98102.0
53033006700,98109.0
53033006800,98109.0
53033006900,98119.0
53033007000,98119.0
53033007100,98109.0
53033007200,98121.0
53033007300,98109.0
53033007401,98102.0
53033007402,98122.0
53033007500,98122.0
53033007600,98112.0
53033007700,98112.0
53033007800,98122.0
53033007900,98122.0
53033008001,98121.0
53033008002,98121.0
53033008100,98101.0
53033008200,98101.0
53033008300,98101.0
53033008400,98122.0
53033008500,98104.0
53033008600,98122.0
53033008700,98122.0
53033008800,98122.0
53033008900,98144.0
53033009000,98144.0
53033009100,98104.0
53033009200,98104.0
53033009300,98124.0
53033009400,98144.0
53033009500,98144.0
53033009600,98116.0
53033009701,98116.0
53033009702,98116.0
53033009800,98116.0
53033009900,98126.0
53033010001,98108.0
53033010002,98144.0
53033010100,98118.0
53033010200,98118.0
53033010300,98118.0
53033010401,98108.0
53033010402,98108.0
53033010500,98116.0
53033010600,98136.0
53033010701,98106.0
53033010702,98126.0
53033010800,98106.0
53033010900,98108.0
53033011001,98118.0
53033011002,98108.0
53033011101,98118.0
53033011102,98118.0
53033011200,98108.0
53033011300,98106.0
53033011401,98106.0
53033011402,98106.0
53033011500,98126.0
53033011600,98136.0
53033011700,98118.0
53033011800,98118.0
53033011900,98178.0
53033012000,98146.0
53033012100,98146.0
53033020100,98177.0
53033020200,98177.0
53033020300,98133.0
53033020401,98155.0
53033020402,98155.0
53033020500,98155.0
53033020600,98133.0
53033020700,98133.0
53033020800,98177.0
53033020900,98133.0
53033021000,98133.0
53033021100,98155.0
53033021300,98155.0
53033021400,98155.0
53033021500,98155.0
53033021600,98028.0
53033021700,98028.0
53033021802,98011.0
53033021803,98011.0
53033021804,98011.0
53033021903,98034.0
53033021904,98034.0
53033021905,98011.0
53033021906,98072.0
53033022001,98011.0
53033022003,98034.0
53033022005,98034.0
53033022006,98034.0
53033022101,98028.0
53033022102,98028.0
53033022201,98034.0
53033022202,98034.0
53033022203,98034.0
53033022300,98034.0
53033022400,98033.0
53033022500,98033.0
53033022603,98033.0
53033022604,98033.0
53033022605,98052.0
53033022606,98052.0
53033022701,98033.0
53033022702,98033.0
53033022703,98033.0
53033022801,98007.0
53033022802,98052.0
53033022803,98052.0
53033022901,98008.0
53033022902,98052.0
53033023000,98008.0
53033023100,98008.0
53033023201,98007.0
53033023202,98008.0
53033023300,98008.0
53033023401,98007.0
53033023403,98008.0
53033023404,98027.0
53033023500,98005.0
53033023601,98005.0
53033023603,98005.0
53033023604,98007.0
53033023700,98005.0
53033023801,98004.0
53033023803,98004.0
53033023804,98004.0
53033023900,98004.0
53033024000,98004.0
53033024100,98004.0
53033024200,98039.0
53033024300,98040.0
53033024400,98040.0
53033024500,98040.0
53033024601,98040.0
53033024602,98040.0
53033024701,98006.0
53033024702,98056.0
53033024800,98006.0
53033024901,98006.0
53033024902,98006.0
53033024903,98006.0
53033025001,98056.0
53033025003,98006.0
53033025005,98059.0
53033025006,98027.0
53033025101,98059.0
53033025102,98059.0
53033025200,98056.0
53033025301,98056.0
53033025302,98057.0
53033025400,98056.0
53033025500,98056.0
53033025601,98056.0
53033025602,98059.0
53033025701,98055.0
53033025702,98058.0
53033025803,98058.0
53033025804,98058.0
53033025805,98055.0
53033025806,98055.0
53033026001,98178.0
53033026002,98057.0
53033026100,98178.0
53033026200,98188.0
53033026300,98178.0
53033026400,98168.0
53033026500,98106.0
53033026600,98146.0
53033026700,98146.0
53033026801,98146.0
53033026802,98146.0
53033027000,98168.0
53033027100,98168.0
53033027200,98168.0
53033027300,98168.0
53033027400,98168.0
53033027500,98146.0
53033027600,98166.0
53033027701,98070.0
53033027702,98070.0
53033027800,98166.0
53033027900,98166.0
53033028000,98148.0
53033028100,98168.0
53033028200,98188.0
53033028300,98188.0
53033028402,98188.0
53033028403,98188.0
53033028500,98148.0
53033028600,98166.0
53033028700,98198.0
53033028801,98198.0
53033028802,98198.0
53033028901,98198.0
53033028902,98198.0
53033029001,98198.0
53033029003,98198.0
53033029004,98032.0
53033029101,98032.0
53033029102,98032.0
53033029203,98032.0
53033029204,98031.0
53033029205,98032.0
53033029206,98032.0
53033029303,98055.0
53033029304,98058.0
53033029305,98031.0
53033029306,98031.0
53033029307,98058.0
53033029403,98031.0
53033029405,98031.0
53033029406,98031.0
53033029407,98031.0
53033029408,98031.0
53033029502,98030.0
53033029503,98030.0
53033029504,98030.0
53033029601,98030.0
53033029602,98092.0
53033029700,98030.0
53033029801,98032.0
53033029802,98001.0
53033029901,98001.0
53033029902,98001.0
53033030003,98198.0
53033030004,98003.0
53033030005,98003.0
53033030006,98003.0
53033030100,98023.0
53033030201,98023.0
53033030202,98003.0
53033030304,98023.0
53033030305,98023.0
53033030306,98023.0
53033030308,98023.0
53033030309,98023.0
53033030310,98093.0
53033030311,98023.0
53033030312,98023.0
53033030313,98003.0
53033030314,98003.0
53033030401,98001.0
53033030403,98003.0
53033030404,98001.0
53033030501,98002.0
53033030503,98002.0
53033030504,98002.0
53033030600,98002.0
53033030700,98002.0
53033030801,98002.0
53033030802,98002.0
53033030901,98001.0
53033030902,98047.0
53033031000,98092.0
53033031100,98092.0
53033031202,98092.0
53033031204,98092.0
53033031205,98092.0
53033031206,98092.0
53033031301,98022.0
53033031302,98022.0
53033031400,98022.0
53033031501,98051.0
53033031502,98022.0
53033031601,98042.0
53033031603,98010.0
53033031604,98038.0
53033031605,98010.0
53033031703,98042.0
53033031704,98042.0
53033031705,98042.0
53033031706,98042.0
53033031800,98042.0
53033031903,98059.0
53033031904,98059.0
53033031906,98058.0
53033031907,98058.0
53033031908,98058.0
53033031909,98058.0
53033032002,98038.0
53033032003,98038.0
53033032005,98042.0
53033032006,98042.0
53033032007,98038.0
53033032008,98038.0
53033032010,98038.0
53033032011,98038.0
53033032102,98027.0
53033032103,98027.0
53033032104,98027.0
53033032203,98074.0
53033032207,98075.0
53033032208,98029.0
53033032210,98029.0
53033032211,98029.0
53033032212,98029.0
53033032213,98075.0
53033032214,98074.0
53033032215,98075.0
53033032307,98072.0
53033032309,98052.0
53033032311,98077.0
53033032313,98052.0
53033032315,98053.0
53033032316,98074.0
53033032317,98074.0
53033032318,98074.0
53033032319,98072.0
53033032320,98072.0
53033032321,98052.0
53033032322,98052.0
53033032323,98052.0
53033032324,98052.0
53033032325,98052.0
53033032326,98077.0
53033032327,98053.0
53033032328,98053.0
53033032329,98053.0
53033032401,98019.0
53033032402,98019.0
53033032500,98014.0
53033032601,98024.0
53033032602,98065.0
53033032702,98045.0
53033032703,98065.0
53033032704,98045.0
53033032800,98045.0
53035080101,98310.0
53035080102,98310.0
53035080200,98310.0
53035080300,98310.0
53035080400,98310.0
53035080500,98337.0
53035080600,98312.0
53035080700,98312.0
53035080800,98312.0
53035080900,98312.0
53035081000,98312.0
53035081100,98312.0
53035081200,98337.0
53035081400,98337.0
53035090101,98340.0
53035090102,98346.0
53035090201,98370.0
53035090202,98370.0
53035090300,98315.0
53035090400,98383.0
53035090501,98370.0
53035090502,98370.0
53035090700,98110.0
53035090800,98110.0
53035090900,98110.0
53035091000,98110.0
53035091100,98370.0
53035091201,98383.0
53035091203,98383.0
53035091204,98311.0
53035091301,98312.0
53035091302,98383.0
53035091400,98312.0
53035091500,98311.0
53035091600,98311.0
53035091700,98311.0
53035091800,98310.0
53035091900,98311.0
53035092000,98380.0
53035092100,98367.0
53035092200,98366.0
53035092300,98366.0
53035092400,98366.0
53035092500,98366.0
53035092600,98366.0
53035092701,98367.0
53035092704,98366.0
53035092801,98367.0
53035092802,98367.0
53035092803,98359.0
53035092901,98367.0
53035092902,98367.0
53035940000,98342.0
53035940100,98392.0
53037975100,98922.0
53037975200,98922.0
53037975300,98926.0
53037975401,98926.0
53037975402,98926.0
53037975500,98926.0
53037975600,98926.0
53037975700,98926.0
53039950100,98620.0
53039950200,98635.0
53039950300,98672.0
53041970100,98532.0
53041970200,98531.0
53041970300,98531.0
53041970400,98531.0
53041970500,98531.0
53041970600,98531.0
53041970700,98531.0
53041970800,98532.0
53041970900,98532.0
53041971000,98532.0
53041971100,98532.0
53041971200,98570.0
53041971300,98532.0
53041971400,98532.0
53041971500,98596.0
53041971600,98596.0
53041971700,98564.0
53041971800,98570.0
53041971900,98336.0
53041972000,98377.0
53043960100,99122.0
53043960200,99122.0
53043960300,99185.0
53043960400,99159.0
53045940000,98584.0
53045960100,98548.0
53045960200,98548.0
53045960300,98528.0
53045960400,98528.0
53045960500,98592.0
53045960600,98584.0
53045960700,98584.0
53045960800,98584.0
53045960900,98584.0
53045961000,98584.0
53045961100,98584.0
53045961200,98546.0
53045961300,98584.0
53047940100,99116.0
53047940200,98841.0
53047970300,98844.0
53047970400,98855.0
53047970500,98849.0
53047970600,98841.0
53047970700,98840.0
53047970800,98812.0
53047970900,98862.0
53047971000,98856.0
53049950200,98577.0
53049950300,98577.0
53049950400,98577.0
53049950500,98631.0
53049950600,98631.0
53049950700,98640.0
53049950800,98640.0
53051970100,99139.0
53051970200,99180.0
53051970300,99156.0
53051970400,99156.0
53051970500,99156.0
53053060200,98402.0
53053060300,98407.0
53053060400,98407.0
53053060500,98407.0
53053060600,98403.0
53053060700,98406.0
53053060800,98406.0
53053060903,98407.0
53053060904,98407.0
53053060905,98406.0
53053060906,98406.0
53053061001,98406.0
53053061002,98465.0
53053061100,98405.0
53053061200,98405.0
53053061300,98405.0
53053061400,98405.0
53053061500,98403.0
53053061601,98402.0
53053061602,98402.0
53053061700,98405.0
53053061800,98418.0
53053061900,98419.0
53053062000,98404.0
53053062300,98404.0
53053062400,98408.0
53053062500,98418.0
53053062600,98409.0
53053062801,98409.0
53053062802,98409.0
53053062900,98409.0
53053063000,98409.0
53053063100,98408.0
53053063200,98408.0
53053063300,98404.0
53053063400,98408.0
53053063501,98408.0
53053063502,98444.0
53053070100,98360.0
53053070203,98391.0
53053070204,98391.0
53053070205,98321.0
53053070206,98321.0
53053070207,98321.0
53053070307,98391.0
53053070308,98391.0
53053070309,98391.0
53053070310,98391.0
53053070311,98391.0
53053070312,98391.0
53053070313,98391.0
53053070314,98391.0
53053070315,98092.0
53053070316,98092.0
53053070401,98374.0
53053070403,98360.0
53053070404,98360.0
53053070703,98354.0
53053071100,98446.0
53053071205,98371.0
53053071206,98373.0
53053071207,98374.0
53053071208,98374.0
53053071209,98374.0
53053071210,98374.0
53053071304,98373.0
53053071305,98446.0
53053071306,98446.0
53053071307,98373.0
53053071309,98375.0
53053071310,98373.0
53053071403,98387.0
53053071406,98445.0
53053071407,98387.0
53053071408,98445.0
53053071409,98387.0
53053071410,98387.0
53053071411,98387.0
53053071503,98444.0
53053071504,98444.0
53053071505,98445.0
53053071506,98445.0
53053071601,98404.0
53053071602,98445.0
53053071703,98444.0
53053071704,98444.0
53053071705,98444.0
53053071706,98444.0
53053071707,98444.0
53053071803,98499.0
53053071805,98499.0
53053071806,98499.0
53053071807,98499.0
53053071808,98499.0
53053071901,98499.0
53053071902,98499.0
53053072000,98439.0
53053072105,98498.0
53053072106,98498.0
53053072107,98498.0
53053072108,98498.0
53053072109,98388.0
53053072111,98388.0
53053072112,98498.0
53053072305,98466.0
53053072307,98466.0
53053072308,98467.0
53053072309,98466.0
53053072310,98466.0
53053072311,98466.0
53053072312,98467.0
53053072313,98466.0
53053072405,98335.0
53053072406,98335.0
53053072407,98335.0
53053072408,98335.0
53053072409,98335.0
53053072410,98333.0
53053072503,98329.0
53053072504,98332.0
53053072505,98332.0
53053072506,98332.0
53053072507,98335.0
53053072601,98329.0
53053072602,98349.0
53053072603,98303.0
53053072800,98327.0
53053072901,98439.0
53053072903,98433.0
53053072905,98433.0
53053072906,98433.0
53053072907,98433.0
53053073001,98580.0
53053073005,98580.0
53053073006,98580.0
53053073108,98375.0
53053073110,98374.0
53053073111,98374.0
53053073113,98338.0
53053073114,98387.0
53053073115,98338.0
53053073116,98338.0
53053073117,98328.0
53053073118,98338.0
53053073119,98338.0
53053073120,98375.0
53053073121,98375.0
53053073122,98374.0
53053073123,98374.0
53053073124,98338.0
53053073125,98375.0
53053073126,98375.0
53053073200,98328.0
53053073301,98390.0
53053073302,98390.0
53053073404,98371.0
53053073405,98372.0
53053073406,98372.0
53053073407,98371.0
53053073408,98371.0
53053073500,98372.0
53053940001,98422.0
53053940002,98424.0
53053940003,98424.0
53053940004,98443.0
53053940005,98422.0
53053940006,98404.0
53053940007,98404.0
53053940008,98422.0
53053940009,98371.0
53053940010,98372.0
53053940011,98422.0
53055960100,98245.0
53055960300,98250.0
53055960400,98250.0
53055960500,98261.0
53057940200,98221.0
53057940300,98221.0
53057940400,98221.0
53057940500,98221.0
53057940600,98221.0
53057940700,98221.0
53057940800,98257.0
53057950100,98221.0
53057950800,98232.0
53057950900,98284.0
53057951000,98284.0
53057951100,98237.0
53057951200,98274.0
53057951300,98284.0
53057951400,98284.0
53057951500,98284.0
53057951600,98233.0
53057951700,98233.0
53057951800,98233.0
53057951900,98233.0
53057952100,98273.0
53057952200,98273.0
53057952301,98273.0
53057952302,98273.0
53057952401,98274.0
53057952402,98274.0
53057952500,98273.0
53057952600,98273.0
53057952700,98274.0
53059950100,98610.0
53059950200,98671.0
53059950300,98648.0
53059950400,98651.0
53059950500,98610.0
53061040100,98201.0
53061040200,98201.0
53061040300,98201.0
53061040400,98201.0
53061040500,98201.0
53061040700,98201.0
53061040800,98201.0
53061040900,98203.0
53061041000,98203.0
53061041100,98203.0
53061041201,98203.0
53061041202,98203.0
53061041301,98275.0
53061041303,98203.0
53061041304,98203.0
53061041400,98203.0
53061041500,98203.0
53061041601,98208.0
53061041605,98208.0
53061041606,98208.0
53061041607,98208.0
53061041608,98208.0
53061041701,98208.0
53061041703,98087.0
53061041704,98012.0
53061041805,98208.0
53061041806,98208.0
53061041808,98208.0
53061041809,98204.0
53061041810,98204.0
53061041811,98087.0
53061041812,98087.0
53061041901,98204.0
53061041903,98204.0
53061041904,98204.0
53061041905,98204.0
53061042001,98275.0
53061042003,98026.0
53061042004,98087.0
53061042005,98275.0
53061042006,98275.0
53061050101,98026.0
53061050102,98087.0
53061050200,98026.0
53061050300,98026.0
53061050401,98026.0
53061050402,98026.0
53061050500,98020.0
53061050600,98020.0
53061050700,98020.0
53061050800,98026.0
53061050900,98026.0
53061051000,98043.0
53061051100,98043.0
53061051200,98043.0
53061051300,98043.0
53061051400,98036.0
53061051500,98036.0
53061051601,98037.0
53061051602,98037.0
53061051701,98037.0
53061051702,98037.0
53061051802,98037.0
53061051803,98087.0
53061051804,98087.0
53061051905,98036.0
53061051912,98072.0
53061051913,98036.0
53061051914,98036.0
53061051915,98036.0
53061051916,98021.0
53061051917,98021.0
53061051918,98021.0
53061051921,98012.0
53061051922,98012.0
53061051923,98012.0
53061051924,98012.0
53061051925,98021.0
53061051926,98021.0
53061051927,98012.0
53061051928,98037.0
53061052003,98012.0
53061052004,98012.0
53061052005,98012.0
53061052006,98012.0
53061052007,98012.0
53061052104,98270.0
53061052105,98290.0
53061052107,98012.0
53061052108,98296.0
53061052112,98296.0
53061052113,98296.0
53061052114,98296.0
53061052115,98208.0
53061052118,98296.0
53061052203,98272.0
53061052204,98272.0
53061052206,98290.0
53061052207,98272.0
53061052208,98272.0
53061052209,98272.0
53061052301,98290.0
53061052302,98290.0
53061052401,98290.0
53061052402,98290.0
53061052502,98290.0
53061052503,98258.0
53061052504,98258.0
53061052603,98258.0
53061052604,98258.0
53061052605,98258.0
53061052606,98258.0
53061052607,98258.0
53061052701,98223.0
53061052705,98270.0
53061052706,98258.0
53061052707,98270.0
53061052708,98270.0
53061052709,98270.0
53061052803,98271.0
53061052804,98271.0
53061052805,98270.0
53061052806,98270.0
53061052903,98270.0
53061052904,98270.0
53061052905,98270.0
53061052906,98270.0
53061053101,98271.0
53061053102,98271.0
53061053201,98292.0
53061053202,98292.0
53061053301,98292.0
53061053302,98292.0
53061053400,98223.0
53061053504,98223.0
53061053505,98223.0
53061053506,98223.0
53061053507,98223.0
53061053508,98223.0
53061053509,98223.0
53061053602,98252.0
53061053603,98258.0
53061053604,98252.0
53061053700,98223.0
53061053801,98272.0
53061053802,98294.0
53061053803,98251.0
53061940001,98271.0
53061940002,98271.0
53063000200,99217.0
53063000300,99207.0
53063000400,99207.0
53063000500,99205.0
53063000600,99205.0
53063000700,99205.0
53063000800,99208.0
53063000900,99205.0
53063001000,99205.0
53063001100,99205.0
53063001200,99205.0
53063001300,99205.0
53063001400,99207.0
53063001500,99207.0
53063001600,99207.0
53063001800,99207.0
53063001900,99205.0
53063002000,99205.0
53063002100,99205.0
53063002300,99201.0
53063002400,99201.0
53063002500,99207.0
53063002600,99207.0
53063002900,99202.0
53063003000,99202.0
53063003100,99202.0
53063003200,99204.0
53063003500,99201.0
53063003600,99201.0
53063003800,99224.0
53063003900,99224.0
53063004000,99204.0
53063004100,99203.0
53063004200,99203.0
53063004300,99203.0
53063004400,99203.0
53063004500,99203.0
53063004601,99223.0
53063004602,99223.0
53063004700,99223.0
53063004800,99223.0
53063004900,99223.0
53063005000,99223.0
53063010100,99025.0
53063010201,99003.0
53063010202,99021.0
53063010301,99006.0
53063010303,99006.0
53063010304,99006.0
53063010305,99005.0
53063010401,99001.0
53063010402,99026.0
53063010501,99218.0
53063010503,99208.0
53063010504,99021.0
53063010601,99208.0
53063010602,99208.0
53063010700,99208.0
53063010800,99218.0
53063010900,99218.0
53063011000,99208.0
53063011101,99208.0
53063011102,99208.0
53063011201,99217.0
53063011202,99021.0
53063011300,99212.0
53063011400,99216.0
53063011500,99212.0
53063011600,99212.0
53063011701,99212.0
53063011702,99216.0
53063011800,99216.0
53063011900,99206.0
53063012000,99206.0
53063012100,99212.0
53063012200,99212.0
53063012300,99212.0
53063012401,99206.0
53063012402,99206.0
53063012500,99206.0
53063012600,99206.0
53063012701,99216.0
53063012702,99216.0
53063012801,99216.0
53063012802,99206.0
53063012901,99216.0
53063012902,99037.0
53063013000,99037.0
53063013100,99016.0
53063013201,99027.0
53063013202,99019.0
53063013300,99016.0
53063013401,99223.0
53063013500,99224.0
53063013600,99224.0
53063013700,99224.0
53063013800,99011.0
53063013900,99022.0
53063014001,99004.0
53063014002,99004.0
53063014100,99004.0
53063014200,99004.0
53063014300,99012.0
53063014400,99217.0
53063014500,99220.0
53065941000,99129.0
53065950100,99141.0
53065950200,99114.0
53065950300,99114.0
53065950500,99114.0
53065950600,99114.0
53065950700,99109.0
53065950800,99109.0
53065950900,99129.0
53065951100,99181.0
53065951300,99148.0
53065951400,99026.0
53067010100,98501.0
53067010200,98506.0
53067010300,98501.0
53067010400,98501.0
53067010510,98502.0
53067010520,98502.0
53067010600,98502.0
53067010700,98501.0
53067010800,98501.0
53067010910,98512.0
53067010920,98512.0
53067011000,98512.0
53067011100,98502.0
53067011200,98503.0
53067011300,98503.0
53067011410,98503.0
53067011420,98503.0
53067011500,98503.0
53067011610,98503.0
53067011621,98503.0
53067011622,98513.0
53067011623,98513.0
53067011624,98513.0
53067011710,98501.0
53067011720,98501.0
53067011810,98512.0
53067011821,98512.0
53067011822,98512.0
53067011900,98502.0
53067012000,98502.0
53067012100,98506.0
53067012211,98506.0
53067012212,98506.0
53067012221,98516.0
53067012222,98516.0
53067012310,98513.0
53067012320,98513.0
53067012330,98516.0
53067012411,98597.0
53067012412,98597.0
53067012420,98513.0
53067012510,98597.0
53067012520,98597.0
53067012530,98576.0
53067012610,98589.0
53067012620,98589.0
53067012710,98579.0
53067012720,98579.0
53067012730,98579.0
53069950100,98612.0
53071920000,99323.0
53071920100,99362.0
53071920200,99362.0
53071920300,99324.0
53071920400,99362.0
53071920500,99362.0
53071920600,99362.0
53071920701,99362.0
53071920702,99362.0
53071920801,99362.0
53071920802,99362.0
53071920900,99362.0
53073000100,98226.0
53073000200,98226.0
53073000300,98225.0
53073000400,98225.0
53073000501,98225.0
53073000502,98225.0
53073000600,98227.0
53073000700,98226.0
53073000803,98228.0
53073000804,98226.0
53073000805,98229.0
53073000806,98229.0
53073000901,98229.0
53073000902,98229.0
53073001000,98225.0
53073001100,98225.0
53073001201,98225.0
53073001202,98229.0
53073010100,98266.0
53073010200,98295.0
53073010301,98264.0
53073010302,98264.0
53073010303,98264.0
53073010401,98230.0
53073010403,98230.0
53073010404,98230.0
53073010501,98248.0
53073010502,98248.0
53073010600,98248.0
53073010701,98264.0
53073010702,98247.0
53073010900,98262.0
53073011000,98281.0
53073940000,98226.0
53075000100,99163.0
53075000200,99163.0
53075000300,99163.0
53075000400,99163.0
53075000500,99163.0
53075000600,99163.0
53075000700,99161.0
53075000800,99111.0
53075000900,99171.0
53075001000,99113.0
53077000100,98907.0
53077000200,98901.0
53077000300,98902.0
53077000400,98908.0
53077000500,98902.0
53077000600,98902.0
53077000700,98902.0
53077000800,98902.0
53077000901,98908.0
53077000902,98908.0
53077001000,98902.0
53077001100,98902.0
53077001201,98902.0
53077001202,98902.0
53077001300,98903.0
53077001400,98903.0
53077001501,98901.0
53077001502,98901.0
53077001601,98901.0
53077001602,98901.0
53077001701,98901.0
53077001702,98936.0
53077001800,98930.0
53077001901,98930.0
53077001902,98930.0
53077002001,98944.0
53077002002,98944.0
53077002101,98944.0
53077002102,98932.0
53077002200,98953.0
53077002701,98935.0
53077002801,98908.0
53077002802,98903.0
53077002900,98947.0
53077003001,98942.0
53077003002,98937.0
53077003100,98942.0
53077003200,98942.0
53077003400,98942.0
53077940001,98951.0
53077940002,98948.0
53077940003,98903.0
53077940004,98951.0
53077940005,98948.0
53077940006,98948.0
